index,selected,distance_threshold,intersection,jaccard_index
model_a,3,0.7138201733916812,3,0.42857142857142855
model_b,2,0.7138201733916812,2,0.2222222222222222
