index,selected,distance_threshold,intersection,jaccard_index
model_a,4,0.6460572754562179,4,0.6666666666666666
model_b,1,0.6460572754562179,1,0.1111111111111111
